{"accuracy": [0.8929448127746582, 0.9356158375740051, 0.9510982632637024, 0.9589023590087891, 0.9665177464485168, 0.9722449779510498, 0.9760211706161499, 0.9783498048782349, 0.9774686694145203, 0.9814966320991516], "loss": [0.30491402745246887, 0.18973521888256073, 0.14393283426761627, 0.11649424582719803, 0.10278844088315964, 0.08200253546237946, 0.06985699385404587, 0.061987340450286865, 0.06521942466497421, 0.054821982979774475], "val_accuracy": [0.9011016488075256, 0.9298948645591736, 0.941412091255188, 0.9429143667221069, 0.9524286389350891, 0.9646970629692078, 0.9541812539100647, 0.9656985402107239, 0.975212812423706, 0.972709059715271], "val_loss": [0.2732091546058655, 0.19753000140190125, 0.16374658048152924, 0.17446768283843994, 0.13807792961597443, 0.1088947206735611, 0.13207946717739105, 0.09658539295196533, 0.06852593272924423, 0.07803674042224884]}